Issue ID,Description,State,Severity,Story Points,Project Path,Location Kind,Path,Line,Column,Incident ID,Help Link,Assembly Name,Assembly Version,Assembly Public Key,Snippet
NuGet.0002,NuGet package upgrade is recommended,Active,Potential,1,KronoxApi\KronoxApi.csproj,File,KronoxApi\KronoxApi.csproj,,,Microsoft.AspNetCore.Identity.EntityFrameworkCore 8.0.14,,,,,"Microsoft.AspNetCore.Identity.EntityFrameworkCore, 8.0.14  Recommendation:  Remove Microsoft.AspNetCore.Identity.EntityFrameworkCore, and replace with new package Microsoft.AspNetCore.Identity.EntityFrameworkCore 10.0.9"
NuGet.0002,NuGet package upgrade is recommended,Active,Potential,1,KronoxApi\KronoxApi.csproj,File,KronoxApi\KronoxApi.csproj,,,Microsoft.EntityFrameworkCore.Design 8.0.14,,,,,"Microsoft.EntityFrameworkCore.Design, 8.0.14  Recommendation:  Remove Microsoft.EntityFrameworkCore.Design, and replace with new package Microsoft.EntityFrameworkCore.Design 10.0.9"
NuGet.0002,NuGet package upgrade is recommended,Active,Potential,1,KronoxApi\KronoxApi.csproj,File,KronoxApi\KronoxApi.csproj,,,Microsoft.EntityFrameworkCore.SqlServer 8.0.14,,,,,"Microsoft.EntityFrameworkCore.SqlServer, 8.0.14  Recommendation:  Remove Microsoft.EntityFrameworkCore.SqlServer, and replace with new package Microsoft.EntityFrameworkCore.SqlServer 10.0.9"
Project.0002,Project's target framework(s) needs to be changed,Active,Mandatory,1,KronoxApi\KronoxApi.csproj,File,KronoxApi\KronoxApi.csproj,,,,,,,,Current target framework: net8.0 Recommended target framework: net10.0
Api.0003,Behavioral change in selected .NET version,Active,Potential,1,KronoxApi\KronoxApi.csproj,File,KronoxApi\Data\Seed\ContentSeed.cs,2282,20,T:System.Text.Json.JsonDocument,,,,,var md = JsonDocument.Parse(content.Metadata);
Api.0003,Behavioral change in selected .NET version,Active,Potential,1,KronoxApi\KronoxApi.csproj,File,KronoxApi\Data\Seed\ContentSeed.cs,2282,20,T:System.Text.Json.JsonDocument,,,,,var md = JsonDocument.Parse(content.Metadata);
Api.0003,Behavioral change in selected .NET version,Active,Potential,1,KronoxApi\KronoxApi.csproj,File,KronoxApi\Data\Seed\ContentSeed.cs,2240,20,T:System.Text.Json.JsonDocument,,,,,var md = JsonDocument.Parse(content.Metadata);
Api.0003,Behavioral change in selected .NET version,Active,Potential,1,KronoxApi\KronoxApi.csproj,File,KronoxApi\Data\Seed\ContentSeed.cs,2240,20,T:System.Text.Json.JsonDocument,,,,,var md = JsonDocument.Parse(content.Metadata);
Api.0003,Behavioral change in selected .NET version,Active,Potential,1,KronoxApi\KronoxApi.csproj,File,KronoxApi\Data\Seed\ContentSeed.cs,1997,24,T:System.Text.Json.JsonDocument,,,,,var metadata = JsonDocument.Parse(existingContent.Metadata);
Api.0003,Behavioral change in selected .NET version,Active,Potential,1,KronoxApi\KronoxApi.csproj,File,KronoxApi\Data\Seed\ContentSeed.cs,1997,24,T:System.Text.Json.JsonDocument,,,,,var metadata = JsonDocument.Parse(existingContent.Metadata);
Api.0003,Behavioral change in selected .NET version,Active,Potential,1,KronoxApi\KronoxApi.csproj,File,KronoxApi\Data\Seed\ContentSeed.cs,1760,20,T:System.Text.Json.JsonDocument,,,,,var metadata = JsonDocument.Parse(omsystemetContent.Metadata);
Api.0003,Behavioral change in selected .NET version,Active,Potential,1,KronoxApi\KronoxApi.csproj,File,KronoxApi\Data\Seed\ContentSeed.cs,1760,20,T:System.Text.Json.JsonDocument,,,,,var metadata = JsonDocument.Parse(omsystemetContent.Metadata);
Api.0003,Behavioral change in selected .NET version,Active,Potential,1,KronoxApi\KronoxApi.csproj,File,KronoxApi\Data\Seed\ContentSeed.cs,1730,20,T:System.Text.Json.JsonDocument,,,,,var metadata = JsonDocument.Parse(omsystemetContent.Metadata);
Api.0003,Behavioral change in selected .NET version,Active,Potential,1,KronoxApi\KronoxApi.csproj,File,KronoxApi\Data\Seed\ContentSeed.cs,1730,20,T:System.Text.Json.JsonDocument,,,,,var metadata = JsonDocument.Parse(omsystemetContent.Metadata);
Api.0003,Behavioral change in selected .NET version,Active,Potential,1,KronoxApi\KronoxApi.csproj,File,KronoxApi\Data\Seed\ContentSeed.cs,1658,20,T:System.Text.Json.JsonDocument,,,,,var metadata = JsonDocument.Parse(dokumentContent.Metadata);
Api.0003,Behavioral change in selected .NET version,Active,Potential,1,KronoxApi\KronoxApi.csproj,File,KronoxApi\Data\Seed\ContentSeed.cs,1658,20,T:System.Text.Json.JsonDocument,,,,,var metadata = JsonDocument.Parse(dokumentContent.Metadata);
Api.0003,Behavioral change in selected .NET version,Active,Potential,1,KronoxApi\KronoxApi.csproj,File,KronoxApi\Data\Seed\ContentSeed.cs,1628,20,T:System.Text.Json.JsonDocument,,,,,var metadata = JsonDocument.Parse(dokumentContent.Metadata);
Api.0003,Behavioral change in selected .NET version,Active,Potential,1,KronoxApi\KronoxApi.csproj,File,KronoxApi\Data\Seed\ContentSeed.cs,1628,20,T:System.Text.Json.JsonDocument,,,,,var metadata = JsonDocument.Parse(dokumentContent.Metadata);
Api.0003,Behavioral change in selected .NET version,Active,Potential,1,KronoxApi\KronoxApi.csproj,File,KronoxApi\Data\Seed\ContentSeed.cs,1565,20,T:System.Text.Json.JsonDocument,,,,,var metadata = JsonDocument.Parse(visionerContent.Metadata);
Api.0003,Behavioral change in selected .NET version,Active,Potential,1,KronoxApi\KronoxApi.csproj,File,KronoxApi\Data\Seed\ContentSeed.cs,1565,20,T:System.Text.Json.JsonDocument,,,,,var metadata = JsonDocument.Parse(visionerContent.Metadata);
Api.0003,Behavioral change in selected .NET version,Active,Potential,1,KronoxApi\KronoxApi.csproj,File,KronoxApi\Data\Seed\ContentSeed.cs,1535,20,T:System.Text.Json.JsonDocument,,,,,var metadata = JsonDocument.Parse(visionerContent.Metadata);
Api.0003,Behavioral change in selected .NET version,Active,Potential,1,KronoxApi\KronoxApi.csproj,File,KronoxApi\Data\Seed\ContentSeed.cs,1535,20,T:System.Text.Json.JsonDocument,,,,,var metadata = JsonDocument.Parse(visionerContent.Metadata);
Api.0003,Behavioral change in selected .NET version,Active,Potential,1,KronoxApi\KronoxApi.csproj,File,KronoxApi\Data\Seed\ContentSeed.cs,1464,20,T:System.Text.Json.JsonDocument,,,,,var metadata = JsonDocument.Parse(omkonsortietsContent.Metadata);
Api.0003,Behavioral change in selected .NET version,Active,Potential,1,KronoxApi\KronoxApi.csproj,File,KronoxApi\Data\Seed\ContentSeed.cs,1464,20,T:System.Text.Json.JsonDocument,,,,,var metadata = JsonDocument.Parse(omkonsortietsContent.Metadata);
Api.0003,Behavioral change in selected .NET version,Active,Potential,1,KronoxApi\KronoxApi.csproj,File,KronoxApi\Data\Seed\ContentSeed.cs,1434,20,T:System.Text.Json.JsonDocument,,,,,var metadata = JsonDocument.Parse(omkonsortietsContent.Metadata);
Api.0003,Behavioral change in selected .NET version,Active,Potential,1,KronoxApi\KronoxApi.csproj,File,KronoxApi\Data\Seed\ContentSeed.cs,1434,20,T:System.Text.Json.JsonDocument,,,,,var metadata = JsonDocument.Parse(omkonsortietsContent.Metadata);
Api.0003,Behavioral change in selected .NET version,Active,Potential,1,KronoxApi\KronoxApi.csproj,File,KronoxApi\Data\Seed\ContentSeed.cs,1370,20,T:System.Text.Json.JsonDocument,,,,,var metadata = JsonDocument.Parse(homeContent.Metadata);
Api.0003,Behavioral change in selected .NET version,Active,Potential,1,KronoxApi\KronoxApi.csproj,File,KronoxApi\Data\Seed\ContentSeed.cs,1370,20,T:System.Text.Json.JsonDocument,,,,,var metadata = JsonDocument.Parse(homeContent.Metadata);
Api.0003,Behavioral change in selected .NET version,Active,Potential,1,KronoxApi\KronoxApi.csproj,File,KronoxApi\Data\Seed\ContentSeed.cs,1340,20,T:System.Text.Json.JsonDocument,,,,,var metadata = JsonDocument.Parse(homeContent.Metadata);
Api.0003,Behavioral change in selected .NET version,Active,Potential,1,KronoxApi\KronoxApi.csproj,File,KronoxApi\Data\Seed\ContentSeed.cs,1340,20,T:System.Text.Json.JsonDocument,,,,,var metadata = JsonDocument.Parse(homeContent.Metadata);
Api.0003,Behavioral change in selected .NET version,Active,Potential,1,KronoxApi\KronoxApi.csproj,File,KronoxApi\Data\Seed\ContentSeed.cs,177,20,T:System.Text.Json.JsonDocument,,,,,var metadata = JsonDocument.Parse(forvaltningContent.Metadata);
Api.0003,Behavioral change in selected .NET version,Active,Potential,1,KronoxApi\KronoxApi.csproj,File,KronoxApi\Data\Seed\ContentSeed.cs,177,20,T:System.Text.Json.JsonDocument,,,,,var metadata = JsonDocument.Parse(forvaltningContent.Metadata);
Api.0003,Behavioral change in selected .NET version,Active,Potential,1,KronoxApi\KronoxApi.csproj,File,KronoxApi\Data\Seed\ContentSeed.cs,134,20,T:System.Text.Json.JsonDocument,,,,,var md = JsonDocument.Parse(forvaltningContent.Metadata);
Api.0003,Behavioral change in selected .NET version,Active,Potential,1,KronoxApi\KronoxApi.csproj,File,KronoxApi\Data\Seed\ContentSeed.cs,134,20,T:System.Text.Json.JsonDocument,,,,,var md = JsonDocument.Parse(forvaltningContent.Metadata);
Api.0003,Behavioral change in selected .NET version,Active,Potential,1,KronoxApi\KronoxApi.csproj,File,KronoxApi\Services\RecaptchaService.cs,47,12,T:System.Net.Http.HttpContent,,,,,var payload = await response.Content.ReadFromJsonAsync<RecaptchaApiResponse>(cancellationToken: ct);
Api.0001,Binary incompatible for selected .NET version,Active,Mandatory,1,KronoxApi\KronoxApi.csproj,File,KronoxApi\Services\RecaptchaService.cs,36,8,"M:Microsoft.Extensions.Configuration.ConfigurationBinder.GetValue``1(Microsoft.Extensions.Configuration.IConfiguration,System.String)",,,,,"var minScore = _config.GetValue<double?>(""Recaptcha:MinimumScore"") ?? 0.5;"
Api.0003,Behavioral change in selected .NET version,Active,Potential,1,KronoxApi\KronoxApi.csproj,File,KronoxApi\Services\EmailTemplateService.cs,65,8,T:System.Uri,,,,,"return Uri.EscapeDataString(_templates.DevelopmentSuggestionReplyTemplate              .Replace(""{Name}"", suggestion.Name ?? """")              .Replace(""{SubmittedAt}"", suggestion.SubmittedAt.ToString(""yyyy-MM-dd""))              .Replace(""{RequirementPreview}"", requirementPreview));"
Api.0001,Binary incompatible for selected .NET version,Active,Mandatory,1,KronoxApi\KronoxApi.csproj,File,KronoxApi\Filters\RoleAuthFilter.cs,34,8,M:Microsoft.Extensions.Configuration.ConfigurationBinder.Get``1(Microsoft.Extensions.Configuration.IConfiguration),,,,,"var trustedOrigins = _configuration.GetSection(""ApiSettings:TrustedOrigins"")             .Get<string[]>() ?? new[] { ""https://localhost:7262"" };"
Api.0003,Behavioral change in selected .NET version,Active,Potential,1,KronoxApi\KronoxApi.csproj,File,KronoxApi\Controllers\ContentController.cs,290,20,T:System.Text.Json.JsonDocument,,,,,using var doc = System.Text.Json.JsonDocument.Parse(b.Metadata);
Api.0003,Behavioral change in selected .NET version,Active,Potential,1,KronoxApi\KronoxApi.csproj,File,KronoxApi\Controllers\ContentController.cs,290,20,T:System.Text.Json.JsonDocument,,,,,using var doc = System.Text.Json.JsonDocument.Parse(b.Metadata);
Api.0003,Behavioral change in selected .NET version,Active,Potential,1,KronoxApi\KronoxApi.csproj,File,KronoxApi\Controllers\ContentController.cs,244,16,T:System.Text.Json.JsonDocument,,,,,using var doc = System.Text.Json.JsonDocument.Parse(b.Metadata);
Api.0003,Behavioral change in selected .NET version,Active,Potential,1,KronoxApi\KronoxApi.csproj,File,KronoxApi\Controllers\ContentController.cs,244,16,T:System.Text.Json.JsonDocument,,,,,using var doc = System.Text.Json.JsonDocument.Parse(b.Metadata);
Api.0003,Behavioral change in selected .NET version,Active,Potential,1,KronoxApi\KronoxApi.csproj,File,KronoxApi\Program.cs,187,12,M:Microsoft.Extensions.Logging.ConsoleLoggerExtensions.AddConsole(Microsoft.Extensions.Logging.ILoggingBuilder),,,,,builder.Logging.AddConsole();
Api.0002,Source incompatible for selected .NET version,Active,Potential,1,KronoxApi\KronoxApi.csproj,File,KronoxApi\Program.cs,170,12,M:System.TimeSpan.FromMinutes(System.Double),,,,,"options.AddPolicy(""Upload"", httpContext =>                  RateLimitPartition.GetTokenBucketLimiter(                      partitionKey: httpContext.Connection.RemoteIpAddress?.ToString() ?? ""localhost"",                      factory: _ => new TokenBucketRateLimiterOptions                      {                          TokenLimit = 10,                          QueueProcessingOrder = QueueProcessingOrder.OldestFirst,                          QueueLimit = 3,                          ReplenishmentPeriod = TimeSpan.FromMinutes(1),                          TokensPerPeriod = 5,                          AutoReplenishment = true                      }));"
Api.0002,Source incompatible for selected .NET version,Active,Potential,1,KronoxApi\KronoxApi.csproj,File,KronoxApi\Program.cs,156,12,M:System.TimeSpan.FromMinutes(System.Double),,,,,"options.AddPolicy(""Admin"", httpContext =>                  RateLimitPartition.GetTokenBucketLimiter(                      partitionKey: httpContext.User?.Identity?.Name ?? ""anonymous"",                      factory: _ => new TokenBucketRateLimiterOptions                      {                          TokenLimit = 100,                          QueueProcessingOrder = QueueProcessingOrder.OldestFirst,                          QueueLimit = 10,                          ReplenishmentPeriod = TimeSpan.FromMinutes(1),                          TokensPerPeriod = 60,                          AutoReplenishment = true                      }));"
Api.0002,Source incompatible for selected .NET version,Active,Potential,1,KronoxApi\KronoxApi.csproj,File,KronoxApi\Program.cs,145,12,M:System.TimeSpan.FromMinutes(System.Double),,,,,"options.AddPolicy(""API"", httpContext =>                  RateLimitPartition.GetFixedWindowLimiter(                      partitionKey: httpContext.Connection.RemoteIpAddress?.ToString() ?? ""localhost"",                      factory: _ => new FixedWindowRateLimiterOptions                      {                          AutoReplenishment = true,                          PermitLimit = 1500,                          Window = TimeSpan.FromMinutes(1)                      }));"
Api.0002,Source incompatible for selected .NET version,Active,Potential,1,KronoxApi\KronoxApi.csproj,File,KronoxApi\Program.cs,134,12,M:System.TimeSpan.FromMinutes(System.Double),,,,,"options.GlobalLimiter = PartitionedRateLimiter.Create<HttpContext, string>(context =>                  RateLimitPartition.GetFixedWindowLimiter(                      partitionKey: context.Connection.RemoteIpAddress?.ToString() ?? ""localhost"",                      factory: _ => new FixedWindowRateLimiterOptions                      {                          AutoReplenishment = true,                          PermitLimit = 2000,                          Window = TimeSpan.FromMinutes(1)                      }));"
Api.0001,Binary incompatible for selected .NET version,Active,Mandatory,1,KronoxApi\KronoxApi.csproj,File,KronoxApi\Program.cs,39,16,M:Microsoft.Extensions.Configuration.ConfigurationBinder.Get``1(Microsoft.Extensions.Configuration.IConfiguration),,,,,"var trustedOrigins = builder.Configuration.GetSection(""ApiSettings:TrustedOrigins"").Get<string[]>() ?? Array.Empty<string>();"
Api.0002,Source incompatible for selected .NET version,Active,Potential,1,KronoxApi\KronoxApi.csproj,File,KronoxApi\Program.cs,26,8,T:Microsoft.Extensions.DependencyInjection.IdentityEntityFrameworkBuilderExtensions,,,,,"builder.Services.AddIdentity<ApplicationUser, IdentityRole>()              .AddEntityFrameworkStores<ApplicationDbContext>()              .AddDefaultTokenProviders()              .AddErrorDescriber<SwedishIdentityErrorDescriber>();"
Api.0002,Source incompatible for selected .NET version,Active,Potential,1,KronoxApi\KronoxApi.csproj,File,KronoxApi\Program.cs,26,8,M:Microsoft.Extensions.DependencyInjection.IdentityEntityFrameworkBuilderExtensions.AddEntityFrameworkStores``1(Microsoft.AspNetCore.Identity.IdentityBuilder),,,,,"builder.Services.AddIdentity<ApplicationUser, IdentityRole>()              .AddEntityFrameworkStores<ApplicationDbContext>()              .AddDefaultTokenProviders()              .AddErrorDescriber<SwedishIdentityErrorDescriber>();"
Project.0002,Project's target framework(s) needs to be changed,Active,Mandatory,1,KronoxFront\KronoxFront.csproj,File,KronoxFront\KronoxFront.csproj,,,,,,,,Current target framework: net8.0 Recommended target framework: net10.0
Api.0003,Behavioral change in selected .NET version,Active,Potential,1,KronoxFront\KronoxFront.csproj,File,KronoxFront\obj\Debug\net8.0\Microsoft.CodeAnalysis.Razor.Compiler\Microsoft.NET.Sdk.Razor.SourceGenerators.RazorSourceGenerator\Components/Layout/Footer_razor.g.cs,897,16,T:System.Net.Http.HttpContent,,,,,customPages = await customResponse.Content.ReadFromJsonAsync<List<NavigationPageDto>>() ?? new();
Api.0003,Behavioral change in selected .NET version,Active,Potential,1,KronoxFront\KronoxFront.csproj,File,KronoxFront\obj\Debug\net8.0\Microsoft.CodeAnalysis.Razor.Compiler\Microsoft.NET.Sdk.Razor.SourceGenerators.RazorSourceGenerator\Components/Layout/Footer_razor.g.cs,856,16,T:System.Net.Http.HttpContent,,,,,allNavItems = await navResponse.Content.ReadFromJsonAsync<List<NavigationConfigDto>>() ?? new();
Api.0003,Behavioral change in selected .NET version,Active,Potential,1,KronoxFront\KronoxFront.csproj,File,KronoxFront\obj\Debug\net8.0\Microsoft.CodeAnalysis.Razor.Compiler\Microsoft.NET.Sdk.Razor.SourceGenerators.RazorSourceGenerator\Components/Layout/NavMenu_razor.g.cs,1194,16,T:System.Net.Http.HttpContent,,,,,navigationConfigs = await response.Content.ReadFromJsonAsync<List<NavigationConfigDto>>() ?? new();
Api.0003,Behavioral change in selected .NET version,Active,Potential,1,KronoxFront\KronoxFront.csproj,File,KronoxFront\obj\Debug\net8.0\Microsoft.CodeAnalysis.Razor.Compiler\Microsoft.NET.Sdk.Razor.SourceGenerators.RazorSourceGenerator\Components/Layout/NavMenu_razor.g.cs,1176,16,T:System.Net.Http.HttpContent,,,,,navigationPages = await response.Content.ReadFromJsonAsync<List<NavigationPageDto>>() ?? new();
Api.0003,Behavioral change in selected .NET version,Active,Potential,1,KronoxFront\KronoxFront.csproj,File,KronoxFront\obj\Debug\net8.0\Microsoft.CodeAnalysis.Razor.Compiler\Microsoft.NET.Sdk.Razor.SourceGenerators.RazorSourceGenerator\Components/Layout/NavMenu_razor.g.cs,1109,8,T:System.Uri,,,,,var uri = Nav.ToAbsoluteUri(Nav.Uri);
Api.0003,Behavioral change in selected .NET version,Active,Potential,1,KronoxFront\KronoxFront.csproj,File,KronoxFront\obj\Debug\net8.0\Microsoft.CodeAnalysis.Razor.Compiler\Microsoft.NET.Sdk.Razor.SourceGenerators.RazorSourceGenerator\Components/Editors/BannerImageUploader_razor.g.cs,590,16,P:System.Uri.AbsolutePath,,,,,url = abs.AbsolutePath;
Api.0003,Behavioral change in selected .NET version,Active,Potential,1,KronoxFront\KronoxFront.csproj,File,KronoxFront\obj\Debug\net8.0\Microsoft.CodeAnalysis.Razor.Compiler\Microsoft.NET.Sdk.Razor.SourceGenerators.RazorSourceGenerator\Components/Editors/BannerImageUploader_razor.g.cs,588,12,T:System.Uri,,,,,"if (Uri.TryCreate(url, UriKind.Absolute, out var abs))              {                  url = abs.AbsolutePath; // ""/images/pages/home/foo.jpg""              }"
Api.0003,Behavioral change in selected .NET version,Active,Potential,1,KronoxFront\KronoxFront.csproj,File,KronoxFront\obj\Debug\net8.0\Microsoft.CodeAnalysis.Razor.Compiler\Microsoft.NET.Sdk.Razor.SourceGenerators.RazorSourceGenerator\Components/Editors/BannerImageUploader_razor.g.cs,588,12,"M:System.Uri.TryCreate(System.String,System.UriKind,System.Uri@)",,,,,"if (Uri.TryCreate(url, UriKind.Absolute, out var abs))              {                  url = abs.AbsolutePath; // ""/images/pages/home/foo.jpg""              }"
Api.0003,Behavioral change in selected .NET version,Active,Potential,1,KronoxFront\KronoxFront.csproj,File,KronoxFront\obj\Debug\net8.0\Microsoft.CodeAnalysis.Razor.Compiler\Microsoft.NET.Sdk.Razor.SourceGenerators.RazorSourceGenerator\Components/Pages/Admin/CustomPageAdmin_razor.g.cs,1559,8,T:System.Net.Http.HttpContent,,,,,var dto = await response.Content.ReadFromJsonAsync<KronoxFront.DTOs.CustomPageDto>();
Api.0003,Behavioral change in selected .NET version,Active,Potential,1,KronoxFront\KronoxFront.csproj,File,KronoxFront\obj\Debug\net8.0\Microsoft.CodeAnalysis.Razor.Compiler\Microsoft.NET.Sdk.Razor.SourceGenerators.RazorSourceGenerator\Components/Pages/Registrera_razor.g.cs,947,16,T:System.Net.Http.HttpContent,,,,,var error = await response.Content.ReadAsStringAsync();
Api.0003,Behavioral change in selected .NET version,Active,Potential,1,KronoxFront\KronoxFront.csproj,File,KronoxFront\obj\Debug\net8.0\Microsoft.CodeAnalysis.Razor.Compiler\Microsoft.NET.Sdk.Razor.SourceGenerators.RazorSourceGenerator\Components/Admin/ActionPlanAdmin_razor.g.cs,3080,16,T:System.Net.Http.HttpContent,,,,,var errorContent = await response.Content.ReadAsStringAsync();
Api.0003,Behavioral change in selected .NET version,Active,Potential,1,KronoxFront\KronoxFront.csproj,File,KronoxFront\obj\Debug\net8.0\Microsoft.CodeAnalysis.Razor.Compiler\Microsoft.NET.Sdk.Razor.SourceGenerators.RazorSourceGenerator\Components/Admin/SuggestionsAdmin_razor.g.cs,912,8,T:System.Uri,,,,,"return Uri.EscapeDataString($@""Hej {suggestion.Name},    Tack för ditt utvecklingsförslag som inlämnades {suggestion.SubmittedAt:yyyy-MM-dd}.    Vi har tagit del av ditt förslag gällande """"{suggestion.Requirement.Substring(0, Math.Min(suggestion.Requirement.Length, 50))}..."""" och kommer att behandla det inom ramen för vår utvecklingsprocess.    Med vänliga hälsningar,  KronoX-teamet"");"
Api.0003,Behavioral change in selected .NET version,Active,Potential,1,KronoxFront\KronoxFront.csproj,File,KronoxFront\obj\Debug\net8.0\Microsoft.CodeAnalysis.Razor.Compiler\Microsoft.NET.Sdk.Razor.SourceGenerators.RazorSourceGenerator\Components/Admin/SuggestionsAdmin_razor.g.cs,800,16,T:System.Net.Http.HttpContent,,,,,var suggestionsData = await response.Content.ReadFromJsonAsync<List<DevelopmentSuggestionViewModel>>();
Api.0003,Behavioral change in selected .NET version,Active,Potential,1,KronoxFront\KronoxFront.csproj,File,KronoxFront\obj\Debug\net8.0\Microsoft.CodeAnalysis.Razor.Compiler\Microsoft.NET.Sdk.Razor.SourceGenerators.RazorSourceGenerator\Components/Admin/HandleUsersAdmin_razor.g.cs,2323,16,T:System.Net.Http.HttpContent,,,,,var error = await response.Content.ReadAsStringAsync();
Api.0003,Behavioral change in selected .NET version,Active,Potential,1,KronoxFront\KronoxFront.csproj,File,KronoxFront\obj\Debug\net8.0\Microsoft.CodeAnalysis.Razor.Compiler\Microsoft.NET.Sdk.Razor.SourceGenerators.RazorSourceGenerator\Components/Admin/HandleUsersAdmin_razor.g.cs,2276,20,T:System.Net.Http.HttpContent,,,,,var roleError = await roleResponse.Content.ReadAsStringAsync();
Api.0003,Behavioral change in selected .NET version,Active,Potential,1,KronoxFront\KronoxFront.csproj,File,KronoxFront\obj\Debug\net8.0\Microsoft.CodeAnalysis.Razor.Compiler\Microsoft.NET.Sdk.Razor.SourceGenerators.RazorSourceGenerator\Components/Admin/HandleUsersAdmin_razor.g.cs,2258,16,T:System.Net.Http.HttpContent,,,,,var updateError = await updateResponse.Content.ReadAsStringAsync();
Api.0003,Behavioral change in selected .NET version,Active,Potential,1,KronoxFront\KronoxFront.csproj,File,KronoxFront\obj\Debug\net8.0\Microsoft.CodeAnalysis.Razor.Compiler\Microsoft.NET.Sdk.Razor.SourceGenerators.RazorSourceGenerator\Components/Admin/HandleUsersAdmin_razor.g.cs,2218,16,T:System.Net.Http.HttpContent,,,,,var error = await response.Content.ReadAsStringAsync();
Api.0003,Behavioral change in selected .NET version,Active,Potential,1,KronoxFront\KronoxFront.csproj,File,KronoxFront\obj\Debug\net8.0\Microsoft.CodeAnalysis.Razor.Compiler\Microsoft.NET.Sdk.Razor.SourceGenerators.RazorSourceGenerator\Components/Admin/HandleUsersAdmin_razor.g.cs,2186,16,T:System.Net.Http.HttpContent,,,,,var error = await response.Content.ReadAsStringAsync();
Api.0003,Behavioral change in selected .NET version,Active,Potential,1,KronoxFront\KronoxFront.csproj,File,KronoxFront\obj\Debug\net8.0\Microsoft.CodeAnalysis.Razor.Compiler\Microsoft.NET.Sdk.Razor.SourceGenerators.RazorSourceGenerator\Components/Admin/HandleUsersAdmin_razor.g.cs,2150,16,T:System.Net.Http.HttpContent,,,,,var error = await response.Content.ReadAsStringAsync();
Api.0003,Behavioral change in selected .NET version,Active,Potential,1,KronoxFront\KronoxFront.csproj,File,KronoxFront\obj\Debug\net8.0\Microsoft.CodeAnalysis.Razor.Compiler\Microsoft.NET.Sdk.Razor.SourceGenerators.RazorSourceGenerator\Components/Admin/HandleUsersAdmin_razor.g.cs,2094,16,T:System.Net.Http.HttpContent,,,,,var content = await response.Content.ReadAsStringAsync();
Api.0003,Behavioral change in selected .NET version,Active,Potential,1,KronoxFront\KronoxFront.csproj,File,KronoxFront\obj\Debug\net8.0\Microsoft.CodeAnalysis.Razor.Compiler\Microsoft.NET.Sdk.Razor.SourceGenerators.RazorSourceGenerator\Components/Admin/HandleUsersAdmin_razor.g.cs,1937,20,T:System.Net.Http.HttpContent,,,,,var errorContent = await response.Content.ReadAsStringAsync();
Api.0003,Behavioral change in selected .NET version,Active,Potential,1,KronoxFront\KronoxFront.csproj,File,KronoxFront\obj\Debug\net8.0\Microsoft.CodeAnalysis.Razor.Compiler\Microsoft.NET.Sdk.Razor.SourceGenerators.RazorSourceGenerator\Components/Admin/HandleUsersAdmin_razor.g.cs,1929,20,T:System.Net.Http.HttpContent,,,,,var content = await response.Content.ReadAsStringAsync();
Api.0003,Behavioral change in selected .NET version,Active,Potential,1,KronoxFront\KronoxFront.csproj,File,KronoxFront\obj\Debug\net8.0\Microsoft.CodeAnalysis.Razor.Compiler\Microsoft.NET.Sdk.Razor.SourceGenerators.RazorSourceGenerator\Components/Admin/HandleCustomPages_razor.g.cs,2982,20,T:System.Net.Http.HttpContent,,,,,var error = await response.Content.ReadAsStringAsync();
Api.0003,Behavioral change in selected .NET version,Active,Potential,1,KronoxFront\KronoxFront.csproj,File,KronoxFront\obj\Debug\net8.0\Microsoft.CodeAnalysis.Razor.Compiler\Microsoft.NET.Sdk.Razor.SourceGenerators.RazorSourceGenerator\Components/Admin/HandleCustomPages_razor.g.cs,2948,16,T:System.Net.Http.HttpContent,,,,,var error = await response.Content.ReadAsStringAsync();
Api.0003,Behavioral change in selected .NET version,Active,Potential,1,KronoxFront\KronoxFront.csproj,File,KronoxFront\obj\Debug\net8.0\Microsoft.CodeAnalysis.Razor.Compiler\Microsoft.NET.Sdk.Razor.SourceGenerators.RazorSourceGenerator\Components/Admin/HandleCustomPages_razor.g.cs,2910,16,T:System.Net.Http.HttpContent,,,,,var error = await response.Content.ReadAsStringAsync();
Api.0003,Behavioral change in selected .NET version,Active,Potential,1,KronoxFront\KronoxFront.csproj,File,KronoxFront\obj\Debug\net8.0\Microsoft.CodeAnalysis.Razor.Compiler\Microsoft.NET.Sdk.Razor.SourceGenerators.RazorSourceGenerator\Components/Admin/HandleCustomPages_razor.g.cs,2889,16,T:System.Net.Http.HttpContent,,,,,var created = await response.Content.ReadFromJsonAsync<KronoxFront.DTOs.CustomPageDto>();
Api.0003,Behavioral change in selected .NET version,Active,Potential,1,KronoxFront\KronoxFront.csproj,File,KronoxFront\obj\Debug\net8.0\Microsoft.CodeAnalysis.Razor.Compiler\Microsoft.NET.Sdk.Razor.SourceGenerators.RazorSourceGenerator\Components/Admin/HandleCustomPages_razor.g.cs,2755,16,T:System.Net.Http.HttpContent,,,,,var dtos = await response.Content.ReadFromJsonAsync<List<KronoxFront.DTOs.CustomPageDto>>();
Api.0003,Behavioral change in selected .NET version,Active,Potential,1,KronoxFront\KronoxFront.csproj,File,KronoxFront\obj\Debug\net8.0\Microsoft.CodeAnalysis.Razor.Compiler\Microsoft.NET.Sdk.Razor.SourceGenerators.RazorSourceGenerator\Components/Admin/NavigationAdmin_razor.g.cs,1111,20,T:System.Net.Http.HttpContent,,,,,var error = await response.Content.ReadAsStringAsync();
Api.0003,Behavioral change in selected .NET version,Active,Potential,1,KronoxFront\KronoxFront.csproj,File,KronoxFront\obj\Debug\net8.0\Microsoft.CodeAnalysis.Razor.Compiler\Microsoft.NET.Sdk.Razor.SourceGenerators.RazorSourceGenerator\Components/Admin/NavigationAdmin_razor.g.cs,992,16,T:System.Net.Http.HttpContent,,,,,navigationPages = await response.Content.ReadFromJsonAsync<List<NavigationPageDto>>() ?? new();
Api.0003,Behavioral change in selected .NET version,Active,Potential,1,KronoxFront\KronoxFront.csproj,File,KronoxFront\obj\Debug\net8.0\Microsoft.CodeAnalysis.Razor.Compiler\Microsoft.NET.Sdk.Razor.SourceGenerators.RazorSourceGenerator\Components/Admin/NavigationAdmin_razor.g.cs,939,16,T:System.Net.Http.HttpContent,,,,,var dtos = await response.Content.ReadFromJsonAsync<List<NavigationConfigDto>>() ?? new();
Api.0003,Behavioral change in selected .NET version,Active,Potential,1,KronoxFront\KronoxFront.csproj,File,KronoxFront\obj\Debug\net8.0\Microsoft.CodeAnalysis.Razor.Compiler\Microsoft.NET.Sdk.Razor.SourceGenerators.RazorSourceGenerator\Components/Shared/Security/RequirePageEnabled_razor.g.cs,125,16,T:System.Net.Http.HttpContent,,,,,var dto = await resp.Content.ReadFromJsonAsync<NavigationConfigDto>();
Api.0003,Behavioral change in selected .NET version,Active,Potential,1,KronoxFront\KronoxFront.csproj,File,KronoxFront\obj\Debug\net8.0\Microsoft.CodeAnalysis.Razor.Compiler\Microsoft.NET.Sdk.Razor.SourceGenerators.RazorSourceGenerator\Components/Shared/Admin/NavigationButtonManager_razor.g.cs,899,8,T:System.Uri,,,,,"return Uri.TryCreate(url, UriKind.Absolute, out var u) && (u.Scheme == Uri.UriSchemeHttp || u.Scheme == Uri.UriSchemeHttps);"
Api.0003,Behavioral change in selected .NET version,Active,Potential,1,KronoxFront\KronoxFront.csproj,File,KronoxFront\obj\Debug\net8.0\Microsoft.CodeAnalysis.Razor.Compiler\Microsoft.NET.Sdk.Razor.SourceGenerators.RazorSourceGenerator\Components/Shared/Admin/NavigationButtonManager_razor.g.cs,899,8,T:System.Uri,,,,,"return Uri.TryCreate(url, UriKind.Absolute, out var u) && (u.Scheme == Uri.UriSchemeHttp || u.Scheme == Uri.UriSchemeHttps);"
Api.0003,Behavioral change in selected .NET version,Active,Potential,1,KronoxFront\KronoxFront.csproj,File,KronoxFront\obj\Debug\net8.0\Microsoft.CodeAnalysis.Razor.Compiler\Microsoft.NET.Sdk.Razor.SourceGenerators.RazorSourceGenerator\Components/Shared/Admin/NavigationButtonManager_razor.g.cs,899,8,T:System.Uri,,,,,"return Uri.TryCreate(url, UriKind.Absolute, out var u) && (u.Scheme == Uri.UriSchemeHttp || u.Scheme == Uri.UriSchemeHttps);"
Api.0003,Behavioral change in selected .NET version,Active,Potential,1,KronoxFront\KronoxFront.csproj,File,KronoxFront\obj\Debug\net8.0\Microsoft.CodeAnalysis.Razor.Compiler\Microsoft.NET.Sdk.Razor.SourceGenerators.RazorSourceGenerator\Components/Shared/Admin/NavigationButtonManager_razor.g.cs,899,8,"M:System.Uri.TryCreate(System.String,System.UriKind,System.Uri@)",,,,,"return Uri.TryCreate(url, UriKind.Absolute, out var u) && (u.Scheme == Uri.UriSchemeHttp || u.Scheme == Uri.UriSchemeHttps);"
Api.0003,Behavioral change in selected .NET version,Active,Potential,1,KronoxFront\KronoxFront.csproj,File,KronoxFront\obj\Debug\net8.0\Microsoft.CodeAnalysis.Razor.Compiler\Microsoft.NET.Sdk.Razor.SourceGenerators.RazorSourceGenerator\Components/Shared/Admin/NavigationSettings_razor.g.cs,1767,20,T:System.Net.Http.HttpContent,,,,,var err = await putResp.Content.ReadAsStringAsync();
Api.0003,Behavioral change in selected .NET version,Active,Potential,1,KronoxFront\KronoxFront.csproj,File,KronoxFront\obj\Debug\net8.0\Microsoft.CodeAnalysis.Razor.Compiler\Microsoft.NET.Sdk.Razor.SourceGenerators.RazorSourceGenerator\Components/Shared/Admin/NavigationSettings_razor.g.cs,1743,20,T:System.Net.Http.HttpContent,,,,,var dto = await getResp.Content.ReadFromJsonAsync<NavigationConfigDto>();
Api.0003,Behavioral change in selected .NET version,Active,Potential,1,KronoxFront\KronoxFront.csproj,File,KronoxFront\obj\Debug\net8.0\Microsoft.CodeAnalysis.Razor.Compiler\Microsoft.NET.Sdk.Razor.SourceGenerators.RazorSourceGenerator\Components/Shared/Admin/NavigationSettings_razor.g.cs,1734,20,T:System.Net.Http.HttpContent,,,,,var err = await postResp.Content.ReadAsStringAsync();
Api.0003,Behavioral change in selected .NET version,Active,Potential,1,KronoxFront\KronoxFront.csproj,File,KronoxFront\obj\Debug\net8.0\Microsoft.CodeAnalysis.Razor.Compiler\Microsoft.NET.Sdk.Razor.SourceGenerators.RazorSourceGenerator\Components/Shared/Admin/NavigationSettings_razor.g.cs,1669,16,T:System.Net.Http.HttpContent,,,,,var err = await resp.Content.ReadAsStringAsync();
Api.0003,Behavioral change in selected .NET version,Active,Potential,1,KronoxFront\KronoxFront.csproj,File,KronoxFront\obj\Debug\net8.0\Microsoft.CodeAnalysis.Razor.Compiler\Microsoft.NET.Sdk.Razor.SourceGenerators.RazorSourceGenerator\Components/Shared/Admin/NavigationSettings_razor.g.cs,1429,16,T:System.Net.Http.HttpContent,,,,,customPage = await pageResponse.Content.ReadFromJsonAsync<CustomPageDto>();
Api.0003,Behavioral change in selected .NET version,Active,Potential,1,KronoxFront\KronoxFront.csproj,File,KronoxFront\obj\Debug\net8.0\Microsoft.CodeAnalysis.Razor.Compiler\Microsoft.NET.Sdk.Razor.SourceGenerators.RazorSourceGenerator\Components/Shared/Admin/NavigationSettings_razor.g.cs,1393,16,T:System.Net.Http.HttpContent,,,,,var dto = await navResponse.Content.ReadFromJsonAsync<NavigationConfigDto>();
Api.0003,Behavioral change in selected .NET version,Active,Potential,1,KronoxFront\KronoxFront.csproj,File,KronoxFront\obj\Debug\net8.0\Microsoft.CodeAnalysis.Razor.Compiler\Microsoft.NET.Sdk.Razor.SourceGenerators.RazorSourceGenerator\Components/Shared/Content/DocumentSection_razor.g.cs,1410,8,T:System.Uri,,,,,var uri = new Uri(Navigation.Uri);
Api.0003,Behavioral change in selected .NET version,Active,Potential,1,KronoxFront\KronoxFront.csproj,File,KronoxFront\obj\Debug\net8.0\Microsoft.CodeAnalysis.Razor.Compiler\Microsoft.NET.Sdk.Razor.SourceGenerators.RazorSourceGenerator\Components/Shared/Content/DocumentSection_razor.g.cs,1410,8,M:System.Uri.#ctor(System.String),,,,,var uri = new Uri(Navigation.Uri);
Api.0003,Behavioral change in selected .NET version,Active,Potential,1,KronoxFront\KronoxFront.csproj,File,KronoxFront\obj\Debug\net8.0\Microsoft.CodeAnalysis.Razor.Compiler\Microsoft.NET.Sdk.Razor.SourceGenerators.RazorSourceGenerator\Components/Shared/Forms/ContactFormSection_razor.g.cs,1174,16,T:System.Net.Http.HttpContent,,,,,var errorContent = await response.Content.ReadAsStringAsync();
Api.0003,Behavioral change in selected .NET version,Active,Potential,1,KronoxFront\KronoxFront.csproj,File,KronoxFront\obj\Debug\net8.0\Microsoft.CodeAnalysis.Razor.Compiler\Microsoft.NET.Sdk.Razor.SourceGenerators.RazorSourceGenerator\Components/Shared/Layout/PageStatusText_razor.g.cs,190,16,T:System.Net.Http.HttpContent,,,,,navigationStatus = await response.Content.ReadFromJsonAsync<NavigationConfigDto>();
Api.0003,Behavioral change in selected .NET version,Active,Potential,1,KronoxFront\KronoxFront.csproj,File,KronoxFront\obj\Debug\net8.0\Microsoft.CodeAnalysis.Razor.Compiler\Microsoft.NET.Sdk.Razor.SourceGenerators.RazorSourceGenerator\Components/Shared/Layout/NavigationButtons_razor.g.cs,228,8,T:System.Uri,,,,,"return Uri.TryCreate(url, UriKind.Absolute, out var uri)              && (uri.Scheme == Uri.UriSchemeHttp || uri.Scheme == Uri.UriSchemeHttps);"
Api.0003,Behavioral change in selected .NET version,Active,Potential,1,KronoxFront\KronoxFront.csproj,File,KronoxFront\obj\Debug\net8.0\Microsoft.CodeAnalysis.Razor.Compiler\Microsoft.NET.Sdk.Razor.SourceGenerators.RazorSourceGenerator\Components/Shared/Layout/NavigationButtons_razor.g.cs,228,8,T:System.Uri,,,,,"return Uri.TryCreate(url, UriKind.Absolute, out var uri)              && (uri.Scheme == Uri.UriSchemeHttp || uri.Scheme == Uri.UriSchemeHttps);"
Api.0003,Behavioral change in selected .NET version,Active,Potential,1,KronoxFront\KronoxFront.csproj,File,KronoxFront\obj\Debug\net8.0\Microsoft.CodeAnalysis.Razor.Compiler\Microsoft.NET.Sdk.Razor.SourceGenerators.RazorSourceGenerator\Components/Shared/Layout/NavigationButtons_razor.g.cs,228,8,T:System.Uri,,,,,"return Uri.TryCreate(url, UriKind.Absolute, out var uri)              && (uri.Scheme == Uri.UriSchemeHttp || uri.Scheme == Uri.UriSchemeHttps);"
Api.0003,Behavioral change in selected .NET version,Active,Potential,1,KronoxFront\KronoxFront.csproj,File,KronoxFront\obj\Debug\net8.0\Microsoft.CodeAnalysis.Razor.Compiler\Microsoft.NET.Sdk.Razor.SourceGenerators.RazorSourceGenerator\Components/Shared/Layout/NavigationButtons_razor.g.cs,228,8,"M:System.Uri.TryCreate(System.String,System.UriKind,System.Uri@)",,,,,"return Uri.TryCreate(url, UriKind.Absolute, out var uri)              && (uri.Scheme == Uri.UriSchemeHttp || uri.Scheme == Uri.UriSchemeHttps);"
Api.0003,Behavioral change in selected .NET version,Active,Potential,1,KronoxFront\KronoxFront.csproj,File,KronoxFront\Middleware\PageAuthorizationMiddleware.cs,113,20,T:System.Net.Http.HttpContent,,,,,var json = await navResponse.Content.ReadAsStringAsync();
Api.0003,Behavioral change in selected .NET version,Active,Potential,1,KronoxFront\KronoxFront.csproj,File,KronoxFront\Middleware\PageAuthorizationMiddleware.cs,67,16,T:System.Net.Http.HttpContent,,,,,var customPageJson = await customPageResponse.Content.ReadAsStringAsync();
Api.0003,Behavioral change in selected .NET version,Active,Potential,1,KronoxFront\KronoxFront.csproj,File,KronoxFront\Services\ApiAuthHandler.cs,81,12,T:System.Uri,,,,,"_logger.LogWarning(""Anrop till {Url} misslyckades med statuskod {StatusCode}"",                  request.RequestUri, response.StatusCode);"
Api.0003,Behavioral change in selected .NET version,Active,Potential,1,KronoxFront\KronoxFront.csproj,File,KronoxFront\Services\ApiAuthHandler.cs,71,16,T:System.Uri,,,,,"_logger.LogWarning(""Inga användarroller hittades för anrop till {Url}"", request.RequestUri);"
Api.0003,Behavioral change in selected .NET version,Active,Potential,1,KronoxFront\KronoxFront.csproj,File,KronoxFront\Services\ApiAuthHandler.cs,42,12,T:System.Uri,,,,,"_logger.LogWarning(""HttpContext saknas vid anrop till {Url}"", request.RequestUri);"
Api.0003,Behavioral change in selected .NET version,Active,Potential,1,KronoxFront\KronoxFront.csproj,File,KronoxFront\Services\DocumentService.cs,199,12,T:System.Net.Http.HttpContent,,,,,var cd = res.Content.Headers.ContentDisposition;
Api.0003,Behavioral change in selected .NET version,Active,Potential,1,KronoxFront\KronoxFront.csproj,File,KronoxFront\Services\DocumentService.cs,197,12,T:System.Net.Http.HttpContent,,,,,var stream = await res.Content.ReadAsStreamAsync();
Api.0003,Behavioral change in selected .NET version,Active,Potential,1,KronoxFront\KronoxFront.csproj,File,KronoxFront\Services\DocumentService.cs,197,12,M:System.Net.Http.HttpContent.ReadAsStreamAsync,,,,,var stream = await res.Content.ReadAsStreamAsync();
Api.0003,Behavioral change in selected .NET version,Active,Potential,1,KronoxFront\KronoxFront.csproj,File,KronoxFront\Services\DocumentService.cs,51,20,T:System.Net.Http.HttpContent,,,,,var dtos = await response.Content.ReadFromJsonAsync<List<DocumentDto>>();
Api.0003,Behavioral change in selected .NET version,Active,Potential,1,KronoxFront\KronoxFront.csproj,File,KronoxFront\Services\CmsService.cs,1734,8,T:System.Net.Http.HttpContent,,,,,return await res.Content.ReadFromJsonAsync<PageImageViewModel>();
Api.0003,Behavioral change in selected .NET version,Active,Potential,1,KronoxFront\KronoxFront.csproj,File,KronoxFront\Services\CmsService.cs,1728,12,T:System.Net.Http.HttpContent,,,,,var err = await res.Content.ReadAsStringAsync();
Api.0003,Behavioral change in selected .NET version,Active,Potential,1,KronoxFront\KronoxFront.csproj,File,KronoxFront\Services\CmsService.cs,1711,12,P:System.Uri.AbsolutePath,,,,,sourceUrl = abs.AbsolutePath;
Api.0003,Behavioral change in selected .NET version,Active,Potential,1,KronoxFront\KronoxFront.csproj,File,KronoxFront\Services\CmsService.cs,1710,8,T:System.Uri,,,,,"if (Uri.TryCreate(sourceUrl, UriKind.Absolute, out var abs))              sourceUrl = abs.AbsolutePath;"
Api.0003,Behavioral change in selected .NET version,Active,Potential,1,KronoxFront\KronoxFront.csproj,File,KronoxFront\Services\CmsService.cs,1710,8,"M:System.Uri.TryCreate(System.String,System.UriKind,System.Uri@)",,,,,"if (Uri.TryCreate(sourceUrl, UriKind.Absolute, out var abs))              sourceUrl = abs.AbsolutePath;"
Api.0003,Behavioral change in selected .NET version,Active,Potential,1,KronoxFront\KronoxFront.csproj,File,KronoxFront\Services\CmsService.cs,1677,12,T:System.Net.Http.HttpContent,,,,,var json = await resp.Content.ReadAsStringAsync();
Api.0003,Behavioral change in selected .NET version,Active,Potential,1,KronoxFront\KronoxFront.csproj,File,KronoxFront\Services\CmsService.cs,1480,16,T:System.Net.Http.HttpContent,,,,,var pages = await custResp.Content.ReadFromJsonAsync<List<CustomPageDto>>();
Api.0003,Behavioral change in selected .NET version,Active,Potential,1,KronoxFront\KronoxFront.csproj,File,KronoxFront\Services\CmsService.cs,1458,16,T:System.Net.Http.HttpContent,,,,,var navItems = await navResp.Content.ReadFromJsonAsync<List<NavigationConfigDto>>();
Api.0003,Behavioral change in selected .NET version,Active,Potential,1,KronoxFront\KronoxFront.csproj,File,KronoxFront\Services\CmsService.cs,1439,24,T:System.Net.Http.HttpContent,,,,,await rs.Content.CopyToAsync(fs);
Api.0003,Behavioral change in selected .NET version,Active,Potential,1,KronoxFront\KronoxFront.csproj,File,KronoxFront\Services\CmsService.cs,1432,20,T:System.Uri,,,,,"var apiUrl = img.Url.StartsWith(""http"")                          ? img.Url                          : $""{_http.BaseAddress}{rel}"";"
Api.0003,Behavioral change in selected .NET version,Active,Potential,1,KronoxFront\KronoxFront.csproj,File,KronoxFront\Services\CmsService.cs,1414,20,T:System.Net.Http.HttpContent,,,,,await rs.Content.CopyToAsync(fs);
Api.0003,Behavioral change in selected .NET version,Active,Potential,1,KronoxFront\KronoxFront.csproj,File,KronoxFront\Services\CmsService.cs,1407,16,T:System.Uri,,,,,"var apiUrl = logo.Url.StartsWith(""http"")                      ? logo.Url                      : $""{_http.BaseAddress}{logo.Url.TrimStart('/')}"";"
Api.0003,Behavioral change in selected .NET version,Active,Potential,1,KronoxFront\KronoxFront.csproj,File,KronoxFront\Services\CmsService.cs,1371,16,T:System.Net.Http.HttpContent,,,,,var json = await response.Content.ReadAsStringAsync();
Api.0003,Behavioral change in selected .NET version,Active,Potential,1,KronoxFront\KronoxFront.csproj,File,KronoxFront\Services\CmsService.cs,1348,12,T:System.Net.Http.HttpContent,,,,,var dtos = await response.Content.ReadFromJsonAsync<List<CustomPageDto>>();
Api.0003,Behavioral change in selected .NET version,Active,Potential,1,KronoxFront\KronoxFront.csproj,File,KronoxFront\Services\CmsService.cs,1268,16,T:System.Net.Http.HttpContent,,,,,var resultDto = await response.Content.ReadFromJsonAsync<EmailListDto>();
Api.0003,Behavioral change in selected .NET version,Active,Potential,1,KronoxFront\KronoxFront.csproj,File,KronoxFront\Services\CmsService.cs,1229,16,T:System.Net.Http.HttpContent,,,,,var emailListsDto = await response.Content.ReadFromJsonAsync<List<EmailListDto>>();
Api.0003,Behavioral change in selected .NET version,Active,Potential,1,KronoxFront\KronoxFront.csproj,File,KronoxFront\Services\CmsService.cs,1144,16,T:System.Net.Http.HttpContent,,,,,var resultDto = await response.Content.ReadFromJsonAsync<ContactPagePersonDto>();
Api.0003,Behavioral change in selected .NET version,Active,Potential,1,KronoxFront\KronoxFront.csproj,File,KronoxFront\Services\CmsService.cs,1103,16,T:System.Net.Http.HttpContent,,,,,var contactPersonsDto = await response.Content.ReadFromJsonAsync<List<ContactPagePersonDto>>();
Api.0003,Behavioral change in selected .NET version,Active,Potential,1,KronoxFront\KronoxFront.csproj,File,KronoxFront\Services\CmsService.cs,1027,16,T:System.Net.Http.HttpContent,,,,,var contactInfoDto = await response.Content.ReadFromJsonAsync<ContactPageInfoDto>();
Api.0003,Behavioral change in selected .NET version,Active,Potential,1,KronoxFront\KronoxFront.csproj,File,KronoxFront\Services\CmsService.cs,989,20,T:System.Text.Json.JsonDocument,,,,,var existing = JsonDocument.Parse(pageContent.Metadata);
Api.0003,Behavioral change in selected .NET version,Active,Potential,1,KronoxFront\KronoxFront.csproj,File,KronoxFront\Services\CmsService.cs,989,20,T:System.Text.Json.JsonDocument,,,,,var existing = JsonDocument.Parse(pageContent.Metadata);
Api.0003,Behavioral change in selected .NET version,Active,Potential,1,KronoxFront\KronoxFront.csproj,File,KronoxFront\Services\CmsService.cs,899,16,T:System.Text.Json.JsonDocument,,,,,var metadata = JsonDocument.Parse(pageContent.Metadata);
Api.0003,Behavioral change in selected .NET version,Active,Potential,1,KronoxFront\KronoxFront.csproj,File,KronoxFront\Services\CmsService.cs,899,16,T:System.Text.Json.JsonDocument,,,,,var metadata = JsonDocument.Parse(pageContent.Metadata);
Api.0003,Behavioral change in selected .NET version,Active,Potential,1,KronoxFront\KronoxFront.csproj,File,KronoxFront\Services\CmsService.cs,875,16,T:System.Net.Http.HttpContent,,,,,var errorContent = await response.Content.ReadAsStringAsync();
Api.0003,Behavioral change in selected .NET version,Active,Potential,1,KronoxFront\KronoxFront.csproj,File,KronoxFront\Services\CmsService.cs,855,16,T:System.Net.Http.HttpContent,,,,,var errorContent = await response.Content.ReadAsStringAsync();
Api.0003,Behavioral change in selected .NET version,Active,Potential,1,KronoxFront\KronoxFront.csproj,File,KronoxFront\Services\CmsService.cs,834,16,T:System.Net.Http.HttpContent,,,,,var errorContent = await response.Content.ReadAsStringAsync();
Api.0003,Behavioral change in selected .NET version,Active,Potential,1,KronoxFront\KronoxFront.csproj,File,KronoxFront\Services\CmsService.cs,813,16,T:System.Net.Http.HttpContent,,,,,var errorContent = await response.Content.ReadAsStringAsync();
Api.0003,Behavioral change in selected .NET version,Active,Potential,1,KronoxFront\KronoxFront.csproj,File,KronoxFront\Services\CmsService.cs,793,12,T:System.Net.Http.HttpContent,,,,,var errorContent = await response.Content.ReadAsStringAsync();
Api.0003,Behavioral change in selected .NET version,Active,Potential,1,KronoxFront\KronoxFront.csproj,File,KronoxFront\Services\CmsService.cs,788,16,T:System.Net.Http.HttpContent,,,,,var json = await response.Content.ReadAsStringAsync();
Api.0003,Behavioral change in selected .NET version,Active,Potential,1,KronoxFront\KronoxFront.csproj,File,KronoxFront\Services\CmsService.cs,757,8,T:System.Net.Http.HttpContent,,,,,var json = await resp.Content.ReadAsStringAsync();
Api.0003,Behavioral change in selected .NET version,Active,Potential,1,KronoxFront\KronoxFront.csproj,File,KronoxFront\Services\CmsService.cs,740,8,T:System.Net.Http.HttpContent,,,,,var json = await response.Content.ReadAsStringAsync();
Api.0003,Behavioral change in selected .NET version,Active,Potential,1,KronoxFront\KronoxFront.csproj,File,KronoxFront\Services\CmsService.cs,723,16,T:System.Net.Http.HttpContent,,,,,var errorContent = await response.Content.ReadAsStringAsync();
Api.0003,Behavioral change in selected .NET version,Active,Potential,1,KronoxFront\KronoxFront.csproj,File,KronoxFront\Services\CmsService.cs,709,16,T:System.Net.Http.HttpContent,,,,,var json = await response.Content.ReadAsStringAsync();
Api.0003,Behavioral change in selected .NET version,Active,Potential,1,KronoxFront\KronoxFront.csproj,File,KronoxFront\Services\CmsService.cs,642,20,T:System.Net.Http.HttpContent,,,,,var json = await response.Content.ReadAsStringAsync();
Api.0003,Behavioral change in selected .NET version,Active,Potential,1,KronoxFront\KronoxFront.csproj,File,KronoxFront\Services\CmsService.cs,601,16,T:System.Net.Http.HttpContent,,,,,var errorContent = await response.Content.ReadAsStringAsync();
Api.0002,Source incompatible for selected .NET version,Active,Potential,1,KronoxFront\KronoxFront.csproj,File,KronoxFront\Services\CmsService.cs,531,8,M:System.TimeSpan.FromMinutes(System.Double),,,,,"return await _cache.GetOrSetAsync($""faq_{pageKey}"", async () =>          {              _logger.LogDebug(""Hämtar FAQ sektioner från API: {PageKey}"", pageKey);                try              {                  var response = await _http.GetAsync($""api/faq/{pageKey}"");                  if (response.IsSuccessStatusCode)                  {                      var json = await response.Content.ReadAsStringAsync();                      var faqSections = JsonSerializer.Deserialize<List<FaqSectionDto>>(json, _jsonOptions);                        return faqSections?.Select(fs => new FaqSectionViewModel                      {                          Id = fs.Id,                          PageKey = fs.PageKey,                          Title = fs.Title,                          Description = fs.Description,                          SortOrder = fs.SortOrder,                          FaqItems = fs.FaqItems.Select(fi => new FaqItemViewModel                          {                              Id = fi.Id,                              FaqSectionId = fi.FaqSectionId,                              Question = fi.Question,                              Answer = fi.Answer,                              ImageUrl = fi.ImageUrl,                              ImageAltText = fi.ImageAltText,                              HasImage = fi.HasImage,                              SortOrder = fi.SortOrder                          }).ToList()                      }).ToList() ?? new List<FaqSectionViewModel>();                  }              }              catch (Exception ex)              {                  _logger.LogError(ex, ""Fel vid hämtning av FAQ-sektioner för {PageKey}"", pageKey);              }                return new List<FaqSectionViewModel>();          }, TimeSpan.FromMinutes(8), $""faq_{pageKey}"") ?? new List<FaqSectionViewModel>();"
Api.0003,Behavioral change in selected .NET version,Active,Potential,1,KronoxFront\KronoxFront.csproj,File,KronoxFront\Services\CmsService.cs,540,20,T:System.Net.Http.HttpContent,,,,,var json = await response.Content.ReadAsStringAsync();
Api.0002,Source incompatible for selected .NET version,Active,Potential,1,KronoxFront\KronoxFront.csproj,File,KronoxFront\Services\CmsService.cs,463,12,M:System.TimeSpan.FromMinutes(System.Double),,,,,"return await _cache.GetOrSetAsync($""features_private_{pageKey}"", async () =>              {                  _logger.LogDebug(""Hämtar autentiserade feature-sektioner från API: {PageKey}"", pageKey);                  try                  {                      var response = await _http.GetAsync($""api/featuresections/{pageKey}/authenticated"");                      if (response.IsSuccessStatusCode)                      {                          var json = await response.Content.ReadAsStringAsync();                          var sectionsWithPrivate = JsonSerializer.Deserialize<List<FeatureSectionWithPrivateDto>>(json, _jsonOptions) ?? [];                          return MapToViewModelsWithPrivate(sectionsWithPrivate);                      }                      return await GetFeatureSectionsFromMetadata(pageKey);                  }                  catch (Exception ex)                  {                      _logger.LogError(ex, ""Fel vid hämtning av autentiserade feature-sektioner för {PageKey}"", pageKey);                      return await GetFeatureSectionsFromMetadata(pageKey);                  }              }, TimeSpan.FromMinutes(8), $""features_{pageKey}"") ?? new List<FeatureSectionViewModel>();"
Api.0003,Behavioral change in selected .NET version,Active,Potential,1,KronoxFront\KronoxFront.csproj,File,KronoxFront\Services\CmsService.cs,471,24,T:System.Net.Http.HttpContent,,,,,var json = await response.Content.ReadAsStringAsync();
Api.0002,Source incompatible for selected .NET version,Active,Potential,1,KronoxFront\KronoxFront.csproj,File,KronoxFront\Services\CmsService.cs,438,12,M:System.TimeSpan.FromMinutes(System.Double),,,,,"return await _cache.GetOrSetAsync($""features_public_{pageKey}"", async () =>              {                  _logger.LogDebug(""Hämtar publika feature-sektioner från API: {PageKey}"", pageKey);                    try                  {                      var response = await _http.GetAsync($""api/featuresections/{pageKey}"");                      if (response.IsSuccessStatusCode)                      {                          var json = await response.Content.ReadAsStringAsync();                          var sectionsWithPrivate = JsonSerializer.Deserialize<List<FeatureSectionWithPrivateDto>>(json, _jsonOptions) ?? [];                          return MapToViewModelsWithPrivate(sectionsWithPrivate, includePrivate: false);                      }                  }                  catch (Exception ex)                  {                      _logger.LogError(ex, ""Fel vid hämtning av publika feature-sektioner för {PageKey}"", pageKey);                  }                    return await GetFeatureSectionsFromMetadata(pageKey);              }, TimeSpan.FromMinutes(8), $""features_{pageKey}"") ?? new List<FeatureSectionViewModel>();"
Api.0003,Behavioral change in selected .NET version,Active,Potential,1,KronoxFront\KronoxFront.csproj,File,KronoxFront\Services\CmsService.cs,447,24,T:System.Net.Http.HttpContent,,,,,var json = await response.Content.ReadAsStringAsync();
Api.0003,Behavioral change in selected .NET version,Active,Potential,1,KronoxFront\KronoxFront.csproj,File,KronoxFront\Services\CmsService.cs,384,20,T:System.Text.Json.JsonDocument,,,,,var existing = JsonDocument.Parse(pageContent.Metadata);
Api.0003,Behavioral change in selected .NET version,Active,Potential,1,KronoxFront\KronoxFront.csproj,File,KronoxFront\Services\CmsService.cs,384,20,T:System.Text.Json.JsonDocument,,,,,var existing = JsonDocument.Parse(pageContent.Metadata);
Api.0003,Behavioral change in selected .NET version,Active,Potential,1,KronoxFront\KronoxFront.csproj,File,KronoxFront\Services\CmsService.cs,268,16,T:System.Text.Json.JsonDocument,,,,,var metadata = JsonDocument.Parse(page.Metadata);
Api.0003,Behavioral change in selected .NET version,Active,Potential,1,KronoxFront\KronoxFront.csproj,File,KronoxFront\Services\CmsService.cs,268,16,T:System.Text.Json.JsonDocument,,,,,var metadata = JsonDocument.Parse(page.Metadata);
Api.0003,Behavioral change in selected .NET version,Active,Potential,1,KronoxFront\KronoxFront.csproj,File,KronoxFront\Services\CmsService.cs,246,8,T:System.Net.Http.HttpContent,,,,,var json = await response.Content.ReadAsStringAsync();
Api.0003,Behavioral change in selected .NET version,Active,Potential,1,KronoxFront\KronoxFront.csproj,File,KronoxFront\Services\CmsService.cs,216,12,T:System.Net.Http.HttpContent,,,,,var err = await resp.Content.ReadAsStringAsync();
Api.0003,Behavioral change in selected .NET version,Active,Potential,1,KronoxFront\KronoxFront.csproj,File,KronoxFront\Services\CmsService.cs,150,16,T:System.Net.Http.HttpContent,,,,,using var doc = JsonDocument.Parse(await resp.Content.ReadAsStringAsync());
Api.0003,Behavioral change in selected .NET version,Active,Potential,1,KronoxFront\KronoxFront.csproj,File,KronoxFront\Services\CmsService.cs,150,16,T:System.Text.Json.JsonDocument,,,,,using var doc = JsonDocument.Parse(await resp.Content.ReadAsStringAsync());
Api.0003,Behavioral change in selected .NET version,Active,Potential,1,KronoxFront\KronoxFront.csproj,File,KronoxFront\Services\CmsService.cs,150,16,T:System.Text.Json.JsonDocument,,,,,using var doc = JsonDocument.Parse(await resp.Content.ReadAsStringAsync());
Api.0003,Behavioral change in selected .NET version,Active,Potential,1,KronoxFront\KronoxFront.csproj,File,KronoxFront\Services\CmsService.cs,128,16,T:System.Net.Http.HttpContent,,,,,var errorContent = await resp.Content.ReadAsStringAsync();
Api.0003,Behavioral change in selected .NET version,Active,Potential,1,KronoxFront\KronoxFront.csproj,File,KronoxFront\Services\CmsService.cs,115,16,T:System.Net.Http.HttpContent,,,,,var json = await resp.Content.ReadAsStringAsync();
Api.0003,Behavioral change in selected .NET version,Active,Potential,1,KronoxFront\KronoxFront.csproj,File,KronoxFront\Services\CmsService.cs,82,12,T:System.Net.Http.HttpContent,,,,,return (await resp.Content.ReadAsStringAsync()).ToViewModel();
Api.0003,Behavioral change in selected .NET version,Active,Potential,1,KronoxFront\KronoxFront.csproj,File,KronoxFront\Services\CmsService.cs,69,8,T:System.Net.Http.HttpContent,,,,,var json = await resp.Content.ReadAsStringAsync();
Api.0003,Behavioral change in selected .NET version,Active,Potential,1,KronoxFront\KronoxFront.csproj,File,KronoxFront\Services\CmsService.cs,51,16,T:System.Net.Http.HttpContent,,,,,var errorContent = await response.Content.ReadAsStringAsync();
Api.0003,Behavioral change in selected .NET version,Active,Potential,1,KronoxFront\KronoxFront.csproj,File,KronoxFront\Services\NewsService.cs,219,16,T:System.Net.Http.HttpContent,,,,,var json = await response.Content.ReadAsStringAsync();
Api.0003,Behavioral change in selected .NET version,Active,Potential,1,KronoxFront\KronoxFront.csproj,File,KronoxFront\Services\NewsService.cs,165,16,T:System.Net.Http.HttpContent,,,,,var responseJson = await response.Content.ReadAsStringAsync();
Api.0003,Behavioral change in selected .NET version,Active,Potential,1,KronoxFront\KronoxFront.csproj,File,KronoxFront\Services\NewsService.cs,128,16,T:System.Net.Http.HttpContent,,,,,var responseJson = await response.Content.ReadAsStringAsync();
Api.0003,Behavioral change in selected .NET version,Active,Potential,1,KronoxFront\KronoxFront.csproj,File,KronoxFront\Services\NewsService.cs,91,16,T:System.Net.Http.HttpContent,,,,,var json = await response.Content.ReadAsStringAsync();
Api.0003,Behavioral change in selected .NET version,Active,Potential,1,KronoxFront\KronoxFront.csproj,File,KronoxFront\Services\NewsService.cs,66,16,T:System.Net.Http.HttpContent,,,,,var json = await response.Content.ReadAsStringAsync();
Api.0003,Behavioral change in selected .NET version,Active,Potential,1,KronoxFront\KronoxFront.csproj,File,KronoxFront\Services\NewsService.cs,31,16,T:System.Net.Http.HttpContent,,,,,var json = await response.Content.ReadAsStringAsync();
Api.0003,Behavioral change in selected .NET version,Active,Potential,1,KronoxFront\KronoxFront.csproj,File,KronoxFront\Services\HealthService.cs,30,16,T:System.Net.Http.HttpContent,,,,,var healthData = await response.Content.ReadFromJsonAsync<ApiHealth>(                      cancellationToken: linkedCts.Token);
Api.0003,Behavioral change in selected .NET version,Active,Potential,1,KronoxFront\KronoxFront.csproj,File,KronoxFront\Program.cs,448,12,T:System.Uri,,,,,"if (Uri.IsWellFormedUriString(url, UriKind.Absolute))              {                  return false;              }"
Api.0003,Behavioral change in selected .NET version,Active,Potential,1,KronoxFront\KronoxFront.csproj,File,KronoxFront\Program.cs,375,36,T:System.Net.Http.HttpContent,,,,,await response.Content.CopyToAsync(fileStream);
Api.0003,Behavioral change in selected .NET version,Active,Potential,1,KronoxFront\KronoxFront.csproj,File,KronoxFront\Program.cs,309,12,T:System.Net.Http.HttpContent,,,,,"var contentType = apiResponse.Content.Headers.ContentType?.ToString() ?? ""application/json"";"
Api.0003,Behavioral change in selected .NET version,Active,Potential,1,KronoxFront\KronoxFront.csproj,File,KronoxFront\Program.cs,308,12,T:System.Net.Http.HttpContent,,,,,var body = await apiResponse.Content.ReadAsStringAsync();
Api.0003,Behavioral change in selected .NET version,Active,Potential,1,KronoxFront\KronoxFront.csproj,File,KronoxFront\Program.cs,229,16,T:System.Net.Http.HttpContent,,,,,var user = await apiRs.Content.ReadFromJsonAsync<UserDto>();
Api.0003,Behavioral change in selected .NET version,Active,Potential,1,KronoxFront\KronoxFront.csproj,File,KronoxFront\Program.cs,189,12,T:System.Uri,,,,,"if (!env.IsDevelopment() && uri.Scheme != Uri.UriSchemeHttps)              {                  log.LogWarning(""Icke-HTTPS target blockerat för slug {Slug}"", slug);                  return Results.BadRequest(""Insecure target"");              }"
Api.0003,Behavioral change in selected .NET version,Active,Potential,1,KronoxFront\KronoxFront.csproj,File,KronoxFront\Program.cs,182,12,T:System.Uri,,,,,"if (!Uri.TryCreate(target, UriKind.Absolute, out var uri))              {                  log.LogWarning(""Ogiltig redirect-URL för slug {Slug}"", slug);                  return Results.BadRequest(""Invalid target"");              }"
Api.0003,Behavioral change in selected .NET version,Active,Potential,1,KronoxFront\KronoxFront.csproj,File,KronoxFront\Program.cs,182,12,"M:System.Uri.TryCreate(System.String,System.UriKind,System.Uri@)",,,,,"if (!Uri.TryCreate(target, UriKind.Absolute, out var uri))              {                  log.LogWarning(""Ogiltig redirect-URL för slug {Slug}"", slug);                  return Results.BadRequest(""Invalid target"");              }"
Api.0001,Binary incompatible for selected .NET version,Active,Mandatory,1,KronoxFront\KronoxFront.csproj,File,KronoxFront\Program.cs,172,8,M:Microsoft.Extensions.Configuration.ConfigurationBinder.Get``1(Microsoft.Extensions.Configuration.IConfiguration),,,,,"var redirects = app.Configuration.GetSection(""Redirects"")              .Get<Dictionary<string, string>>() ?? new();"
Api.0003,Behavioral change in selected .NET version,Active,Potential,1,KronoxFront\KronoxFront.csproj,File,KronoxFront\Program.cs,168,12,"M:Microsoft.AspNetCore.Builder.ExceptionHandlerExtensions.UseExceptionHandler(Microsoft.AspNetCore.Builder.IApplicationBuilder,System.String)",,,,,"app.UseExceptionHandler(""/Error"");"
Api.0003,Behavioral change in selected .NET version,Active,Potential,1,KronoxFront\KronoxFront.csproj,File,KronoxFront\Program.cs,157,12,M:Microsoft.Extensions.Logging.ConsoleLoggerExtensions.AddConsole(Microsoft.Extensions.Logging.ILoggingBuilder),,,,,builder.Logging.AddConsole();
Api.0001,Binary incompatible for selected .NET version,Active,Mandatory,1,KronoxFront\KronoxFront.csproj,File,KronoxFront\Program.cs,144,8,"M:Microsoft.Extensions.DependencyInjection.OptionsConfigurationServiceCollectionExtensions.Configure``1(Microsoft.Extensions.DependencyInjection.IServiceCollection,Microsoft.Extensions.Configuration.IConfiguration)",,,,,builder.Services.Configure<NewsSettings>(              builder.Configuration.GetSection(NewsSettings.SectionName));
Api.0003,Behavioral change in selected .NET version,Active,Potential,1,KronoxFront\KronoxFront.csproj,File,KronoxFront\Program.cs,125,12,T:System.Uri,,,,,client.BaseAddress = new Uri(apiBaseUrl);
Api.0003,Behavioral change in selected .NET version,Active,Potential,1,KronoxFront\KronoxFront.csproj,File,KronoxFront\Program.cs,125,12,M:System.Uri.#ctor(System.String),,,,,client.BaseAddress = new Uri(apiBaseUrl);
Api.0003,Behavioral change in selected .NET version,Active,Potential,1,KronoxFront\KronoxFront.csproj,File,KronoxFront\Program.cs,125,12,T:System.Uri,,,,,client.BaseAddress = new Uri(apiBaseUrl);
Api.0003,Behavioral change in selected .NET version,Active,Potential,1,KronoxFront\KronoxFront.csproj,File,KronoxFront\Program.cs,120,12,T:System.Uri,,,,,client.BaseAddress = new Uri(apiBaseUrl);
Api.0003,Behavioral change in selected .NET version,Active,Potential,1,KronoxFront\KronoxFront.csproj,File,KronoxFront\Program.cs,120,12,M:System.Uri.#ctor(System.String),,,,,client.BaseAddress = new Uri(apiBaseUrl);
Api.0003,Behavioral change in selected .NET version,Active,Potential,1,KronoxFront\KronoxFront.csproj,File,KronoxFront\Program.cs,120,12,T:System.Uri,,,,,client.BaseAddress = new Uri(apiBaseUrl);
Api.0003,Behavioral change in selected .NET version,Active,Potential,1,KronoxFront\KronoxFront.csproj,File,KronoxFront\Program.cs,115,12,T:System.Uri,,,,,client.BaseAddress = new Uri(apiBaseUrl);
Api.0003,Behavioral change in selected .NET version,Active,Potential,1,KronoxFront\KronoxFront.csproj,File,KronoxFront\Program.cs,115,12,M:System.Uri.#ctor(System.String),,,,,client.BaseAddress = new Uri(apiBaseUrl);
Api.0003,Behavioral change in selected .NET version,Active,Potential,1,KronoxFront\KronoxFront.csproj,File,KronoxFront\Program.cs,115,12,T:System.Uri,,,,,client.BaseAddress = new Uri(apiBaseUrl);
Api.0003,Behavioral change in selected .NET version,Active,Potential,1,KronoxFront\KronoxFront.csproj,File,KronoxFront\Program.cs,110,12,T:System.Uri,,,,,client.BaseAddress = new Uri(apiBaseUrl);
Api.0003,Behavioral change in selected .NET version,Active,Potential,1,KronoxFront\KronoxFront.csproj,File,KronoxFront\Program.cs,110,12,M:System.Uri.#ctor(System.String),,,,,client.BaseAddress = new Uri(apiBaseUrl);
Api.0003,Behavioral change in selected .NET version,Active,Potential,1,KronoxFront\KronoxFront.csproj,File,KronoxFront\Program.cs,110,12,T:System.Uri,,,,,client.BaseAddress = new Uri(apiBaseUrl);
Api.0003,Behavioral change in selected .NET version,Active,Potential,1,KronoxFront\KronoxFront.csproj,File,KronoxFront\Program.cs,105,12,T:System.Uri,,,,,client.BaseAddress = new Uri(apiBaseUrl);
Api.0003,Behavioral change in selected .NET version,Active,Potential,1,KronoxFront\KronoxFront.csproj,File,KronoxFront\Program.cs,105,12,M:System.Uri.#ctor(System.String),,,,,client.BaseAddress = new Uri(apiBaseUrl);
Api.0003,Behavioral change in selected .NET version,Active,Potential,1,KronoxFront\KronoxFront.csproj,File,KronoxFront\Program.cs,105,12,T:System.Uri,,,,,client.BaseAddress = new Uri(apiBaseUrl);
Api.0003,Behavioral change in selected .NET version,Active,Potential,1,KronoxFront\KronoxFront.csproj,File,KronoxFront\Program.cs,99,12,T:System.Uri,,,,,client.BaseAddress = new Uri(apiBaseUrl);
Api.0003,Behavioral change in selected .NET version,Active,Potential,1,KronoxFront\KronoxFront.csproj,File,KronoxFront\Program.cs,99,12,M:System.Uri.#ctor(System.String),,,,,client.BaseAddress = new Uri(apiBaseUrl);
Api.0003,Behavioral change in selected .NET version,Active,Potential,1,KronoxFront\KronoxFront.csproj,File,KronoxFront\Program.cs,99,12,T:System.Uri,,,,,client.BaseAddress = new Uri(apiBaseUrl);
Api.0003,Behavioral change in selected .NET version,Active,Potential,1,KronoxFront\KronoxFront.csproj,File,KronoxFront\Program.cs,97,8,"M:Microsoft.Extensions.DependencyInjection.HttpClientFactoryServiceCollectionExtensions.AddHttpClient(Microsoft.Extensions.DependencyInjection.IServiceCollection,System.String,System.Action{System.Net.Http.HttpClient})",,,,,"builder.Services.AddHttpClient(""KronoxAPI"", client =>          {              client.BaseAddress = new Uri(apiBaseUrl);          }).AddHttpMessageHandler<ApiAuthHandler>();"
Api.0002,Source incompatible for selected .NET version,Active,Potential,1,KronoxFront\KronoxFront.csproj,File,KronoxFront\Program.cs,54,19,M:System.TimeSpan.FromHours(System.Double),,,,,o.ExpireTimeSpan = TimeSpan.FromHours(2);
Api.0002,Source incompatible for selected .NET version,Active,Potential,1,KronoxFront\KronoxFront.csproj,File,KronoxFront\Program.cs,44,12,M:System.TimeSpan.FromSeconds(System.Double),,,,,options.KeepAliveInterval = TimeSpan.FromSeconds(15);
Api.0002,Source incompatible for selected .NET version,Active,Potential,1,KronoxFront\KronoxFront.csproj,File,KronoxFront\Program.cs,43,12,M:System.TimeSpan.FromSeconds(System.Double),,,,,options.ClientTimeoutInterval = TimeSpan.FromSeconds(300);
Api.0002,Source incompatible for selected .NET version,Active,Potential,1,KronoxFront\KronoxFront.csproj,File,KronoxFront\Program.cs,36,19,M:System.TimeSpan.FromMinutes(System.Double),,,,,options.JSInteropDefaultCallTimeout = TimeSpan.FromMinutes(2);
Api.0002,Source incompatible for selected .NET version,Active,Potential,1,KronoxFront\KronoxFront.csproj,File,KronoxFront\Program.cs,35,19,M:System.TimeSpan.FromMinutes(System.Double),,,,,options.DisconnectedCircuitRetentionPeriod = TimeSpan.FromMinutes(5);
